RANK THIS WEEK,                                RANK LAST WEEK,PLAYER NAME,ROUNDS,DISTANCE,TOURNAMENT,ROUND,HOLE,COURSE
        1,        1,Justin Thoma,66,449,WGC-Mexico,4,2,240
        T2,        T2,Rickie Fowler,44,431,the Memorial,1,17,023
        T2,        T2,Bubba Watson,66,431,the Memorial,4,17,023
        T4,        T4,Lanto Griffin,96,429,Sentry,1,7,656
        T4,        T4,Sergio Garcia,44,429,the Memorial,4,17,023
        6,        6,Bryson DeChambeau,62,428,Traveler,2,10,503
        7,        7,Shane Lowry,44,417,the Memorial,1,17,023
        8,        8,Jon Rahm,58,415,Sentry,4,7,656
        9,        9,Cameron Champ,70,413,Sentry,1,7,656
        10,        10,Rory McIlroy,60,412,WGC-Mexico,3,10,240
        T11,        T11,Tony Finau,72,411,the Memorial,4,1,023
        T11,        T11,Sepp Straka,70,411,The Greenbrier,1,6,771
        T11,        T11,Charles Howell III,69,411,the Memorial,4,17,023
        14,        14,Byeong Hun An,75,410,WGC-Mexico,3,2,240
        15,        15,Ryan Brehm,52,409,Sony Open,2,16,006
        16,        16,Sung Kang,73,408,WGC-Mexico,2,12,240
        17,        17,Scottie Scheffler,82,407,WGC-Mexico,4,4,240
        18,        18,Joaquin Niemann,76,406,the Memorial,1,17,023
        19,        19,Louis Oosthuizen,48,404,WGC-Mexico,4,4,240
        T20,        T20,Scott Harrington,68,402,the Memorial,3,17,023
        T20,        T20,Jordan Spieth,62,402,WGC-Mexico,4,4,240
        T22,        T22,Brandon Hagy,50,400,The Greenbrier,2,17,771
        T22,        T22,Matthew Wolff,74,400,the Memorial,1,17,023
        T22,        T22,Adam Scott,38,400,WGC-Mexico,2,11,240
        T22,        T22,Ryan Fox,4,400,WGC-Mexico,1,2,240
        T22,        T22,Gary Woodland,62,400,Sentry,4,12,656
        27,        27,Wyndham Clark,65,399,the Memorial,2,17,023
        T28,        T28,Martin Trainer,48,397,Sentry,4,17,656
        T28,        T28,Paul Casey,56,397,Sentry,1,12,656
        T30,        T30,Hideki Matsuyama,74,396,WGC-Mexico,4,10,240
        T30,        T30,Joseph Bramlett,57,396,The Greenbrier,2,1,771
        T32,        T32,J.T. Poston,78,394,Wyndham,1,5,752
        T32,        T32,Phil Mickelson,51,394,Workday,1,17,893
        T34,        T34,Lee Westwood,10,393,WGC-Mexico,3,10,240
        T34,        T34,Dustin Johnson,49,393,WGC-Mexico,1,10,240
        36,        36,Benjamin Hebert,10,392,WGC-Mexico,4,11,240
        T37,        T37,Charl Schwartzel,34,391,the Memorial,1,17,023
        T37,        T37,Erik van Rooyen,34,391,the Memorial,4,17,023
        T39,        T39,Francesco Molinari,19,390,WGC-Mexico,3,10,240
        T39,        T39,Marc Leishman,61,390,the Memorial,3,17,023
        T39,        T39,Jason Kokrak,62,390,the Memorial,1,1,023
        T42,        T42,Jason Day,53,388,Pebble Beach,1,10,769
        T42,        T42,Billy Horschel,79,388,WGC-Mexico,1,2,240
        T42,        T42,Anirban Lahiri,35,388,Pebble Beach,1,3,005
        T42,        T42,Matthias Schwab,24,388,WGC-Mexico,1,4,240
        T42,        T42,Victor Perez,22,388,WGC-Mexico,3,2,240
        T42,        T42,Ryan Palmer,68,388,the Memorial,3,17,023
        T48,        T48,Roger Sloan,55,387,Workday,3,1,893
        T48,        T48,Tyler Duncan,83,387,the Memorial,4,17,023
        T48,        T48,Xander Schauffele,70,387,WGC-Mexico,4,11,240
        T51,        T51,Tom Lewi,34,386,The Greenbrier,1,6,771
        T51,        T51,Tyler McCumber,57,386,Rocket Mortgage,2,16,876
        T51,        T51,Sebastián Muñoz,84,386,the Memorial,4,17,023
        T54,        T54,Bo Hoag,71,385,the Memorial,4,17,023
        T54,        T54,Patrick Reed,74,385,WGC-Mexico,4,12,240
        T54,        T54,Max Homa,70,385,WGC-FedEx,2,7,513
        T54,        T54,Jarryd Dilla,2,385,Bermuda,2,2,765
        T54,        T54,Tommy Fleetwood,40,385,WGC-Mexico,4,11,240
        T59,        T59,D.J. Trahan,49,384,The Greenbrier,2,6,771
        T59,        T59,Nate Lashley,52,384,Sentry,4,1,656
        T59,        T59,Justin Harding,8,384,WGC-Mexico,2,11,240
        T59,        T59,Haotong Li,14,384,the Memorial,2,1,023
        T59,        T59,Robert MacIntyre,16,384,WGC-Mexico,4,4,240
        T64,        T64,Cameron Tringale,63,383,Honda Classic,1,12,734
        T64,        T64,Keith Mitchell,64,383,Sentry,4,12,656
        T64,        T64,Abraham Ancer,74,383,WGC-Mexico,3,11,240
        T67,        T67,Kris Ventura,48,382,3M Open,1,6,883
        T67,        T67,Zander Lombard,8,382,WGC-Mexico,2,11,240
        T67,        T67,Matt Wallace,44,382,WGC-Mexico,2,12,240
        T67,        T67,Kyle Westmoreland,4,382,The Greenbrier,1,17,771
        T67,        T67,Luke List,69,382,the Memorial,4,13,023
        T67,        T67,Bernd Wiesberger,22,382,WGC-Mexico,4,10,240
        T67,        T67,Danny Lee,69,382,the Memorial,1,17,023
        T74,        T74,Scott Piercy,66,381,Phoenix Open,4,18,510
        T74,        T74,Viktor Hovland,74,381,BMW Champ,1,2,896
        T76,        T76,Cameron Smith,64,380,WGC-Mexico,3,14,240
        T76,        T76,Lucas Herbert,10,380,WGC-Mexico,2,4,240
        T76,        T76,Corey Conner,74,380,WGC-Mexico,4,12,240
        T79,        T79,Brooks Koepka,40,379,the Memorial,1,13,023
        T79,        T79,Collin Morikawa,80,379,WGC-Mexico,2,10,240
        T79,        T79,Jimmy Walker,46,379,The Greenbrier,2,6,771
        T79,        T79,Chris Kirk,33,379,Sony Open,1,16,006
        T79,        T79,Ryan Armour,60,379,The Greenbrier,2,6,771
        T84,        T84,Rory Sabbatini,66,378,the Memorial,1,17,023
        T84,        T84,Bronson Burgoon,55,378,The Greenbrier,3,16,771
        T84,        T84,Carlos Ortiz,72,378,the Memorial,4,1,023
        T84,        T84,Patrick Cantlay,46,378,BMW Champ,1,2,896
        T84,        T84,Cam Davi,62,378,Sanderson Farm,1,18,746
        T89,        T89,Jorge Campillo,10,377,WGC-Mexico,4,12,240
        T89,        T89,Harold Varner III,74,377,The Greenbrier,3,6,771
        T89,        T89,Daniel Berger,64,377,BMW Champ,1,1,896
        T89,        T89,Kevin Streelman,73,377,Phoenix Open,2,15,510
        T89,        T89,Dylan Frittelli,82,377,the Memorial,1,1,023
        T94,        T94,Kevin Kisner,73,376,Sentry,1,12,656
        T94,        T94,Danny Willett,40,376,the Memorial,3,17,023
        T94,        T94,Joel Dahmen,79,376,the Memorial,1,13,023
        T94,        T94,Mackenzie Hughe,70,376,the Memorial,1,17,023
        T94,        T94,Matt Fitzpatrick,54,376,WGC-Mexico,4,11,240
        T94,        T94,Zach Murray,4,376,WGC-Mexico,4,11,240
        T94,        T94,Scott Hend,8,376,WGC-Mexico,4,11,240
        T101,        T101,Shugo Imahira,10,375,WGC-Mexico,3,11,240
        T101,        T101,Sam Burn,60,375,Workday,3,13,893
        T101,        T101,Kurt Kitayama,26,375,WGC-Mexico,3,12,240
        T104,        T104,Harris English,76,374,the Memorial,1,13,023
        T104,        T104,Kramer Hickok,51,374,Pebble Beach,2,9,005
        T104,        T104,Kevin Na,71,374,the Memorial,4,13,023
        T104,        T104,Webb Simpson,52,374,WGC-Mexico,4,14,240
        T104,        T104,Matt Kuchar,56,374,the Memorial,4,1,023
        T109,        T109,Brian Gay,67,373,Shriner,3,18,538
        T109,        T109,Lucas Glover,67,373,WGC-Mexico,4,12,240
        T109,        T109,J.B. Holme,25,373,Sentry,1,17,656
        T109,        T109,Keegan Bradley,68,373,the Memorial,4,17,023
        T109,        T109,Tyrrell Hatton,42,373,WGC-Mexico,4,12,240
        T109,        T109,Sungjae Im,94,373,WGC-Mexico,3,14,240
        T109,        T109,Marcus Kinhult,6,373,WGC-Mexico,4,12,240
        T116,        T116,Grayson Murray,36,372,The Greenbrier,2,13,771
        T116,        T116,Hudson Swafford,31,372,Workday,2,1,893
        T116,        T116,Chesson Hadley,62,372,Phoenix Open,1,8,510
        T119,        T119,Kevin Tway,52,371,Workday,2,13,893
        T119,        T119,Harry Higg,83,371,NORTHERN TRUST,3,14,700
        T119,        T119,Chase Seiffert,56,371,The Greenbrier,1,12,771
        T119,        T119,Richy Werenski,60,371,The Greenbrier,4,6,771
        T119,        T119,Tae Hee Lee,12,371,WGC-Mexico,3,11,240
        T124,        T124,Adam Long,88,370,BMW Champ,3,9,896
        T124,        T124,Beau Hossler,71,370,The Greenbrier,2,1,771
        T124,        T124,Patrick Rodger,95,370,The Greenbrier,2,12,771
        T124,        T124,Talor Gooch,83,370,BMW Champ,1,10,896
        T124,        T124,Brandon Matthew,2,370,Arnold Palmer,1,3,009
        T124,        T124,Jason Dufner,62,370,The Greenbrier,3,16,771
        T124,        T124,Brice Garnett,58,370,The Greenbrier,2,11,771
        T131,        T131,Graeme McDowell,48,369,the Memorial,1,13,023
        T131,        T131,Matt Jone,76,369,Wyndham,1,18,752
        T131,        T131,Jhonattan Vega,52,369,Workday,2,11,893
        T131,        T131,Michael Lorenzo-Vera,12,369,WGC-Mexico,4,12,240
        T131,        T131,Branden Grace,43,369,WGC-Mexico,3,11,240
        T131,        T131,Wes Roach,42,369,Pebble Beach,1,9,005
        T131,        T131,Matthew NeSmith,72,369,Workday,2,13,893
        T131,        T131,Stewart Cink,51,369,Workday,3,17,893
        T139,        T139,Sebastian Cappelen,55,368,Workday,1,1,893
        T139,        T139,Mark Hubbard,86,368,the Memorial,4,17,023
        T139,        T139,Sam Ryder,74,368,Workday,3,13,893
        T139,        T139,Dominic Bozzelli,38,368,The Greenbrier,3,12,771
        T139,        T139,Hunter Mahan,15,368,Houston Open,2,15,729
        T139,        T139,Jonathan Byrd,29,368,The Greenbrier,3,12,771
        T139,        T139,Shaun Norri,14,368,WGC-Mexico,3,4,240
        T139,        T139,Ryo Ishikawa,16,368,WGC-Mexico,4,14,240
        T139,        T139,Jason Scrivener,2,368,the Memorial,1,17,023
        T148,        T148,Chez Reavie,77,367,WGC-Mexico,4,10,240
        T148,        T148,Ryan Moore,48,367,the Memorial,4,13,023
        T148,        T148,Jamie Lovemark,28,367,The Greenbrier,1,12,771
        T148,        T148,Brendan Steele,68,367,The Greenbrier,2,13,771
        T148,        T148,Russell Knox,67,367,Pebble Beach,3,9,005
        T148,        T148,Kenny Leseur,2,367,Bermuda,2,2,765
        T148,        T148,Peter Kuest,12,367,the Memorial,1,13,023
        T148,        T148,Tiger Wood,28,367,the Memorial,4,13,023
        T156,        T156,Patton Kizzire,55,366,Phoenix Open,2,6,510
        T156,        T156,Vincent Whaley,40,366,Sony Open,1,3,006
        T156,        T156,Bo Van Pelt,45,366,Wyndham,1,18,752
        T156,        T156,Rob Oppenheim,65,366,Pebble Beach,4,9,005
        T156,        T156,Seamus Power,36,366,Wyndham,1,18,752
        T156,        T156,C.T. Pan,56,366,the Memorial,4,17,023
        T162,        T162,Josh Teater,43,365,Wyndham,3,5,752
        T162,        T162,Peter Uihlein,47,365,Shriner,3,2,538
        T162,        T162,Michael Thompson,62,365,BMW Champ,1,10,896
        T162,        T162,Adam Hadwin,65,365,the Memorial,4,13,023
        T162,        T162,Robby Shelton,75,365,The Greenbrier,2,12,771
        T162,        T162,Hayden Springer,2,365,The Greenbrier,1,12,771
        T168,        T168,Rhein Gibson,54,364,Puerto Rico,3,2,742
        T168,        T168,Michael Gligic,52,364,Wyndham,4,5,752
        T168,        T168,Christiaan Bezuidenhout,34,364,WGC-Mexico,2,14,240
        T168,        T168,James Nichola,2,364,Rocket Mortgage,2,12,876
        T172,        T172,Maverick McNealy,80,363,BMW Champ,1,17,896
        T172,        T172,Denny McCarthy,81,363,Arnold Palmer,2,5,009
        T172,        T172,Will Gordon,36,363,Traveler,4,4,503
        T175,        T175,Kevin Chappell,41,362,The Greenbrier,2,6,771
        T175,        T175,Si Woo Kim,78,362,Rocket Mortgage,3,13,876
        T175,        T175,MJ Daffue,10,362,Workday,3,13,893
        T175,        T175,Graham DeLaet,14,362,Sony Open,1,18,006
        T175,        T175,Scott Brown,64,362,Wyndham,1,18,752
        T175,        T175,Henrik Norlander,74,362,Pebble Beach,1,9,005
        T175,        T175,Jim Herman,60,362,BMW Champ,2,10,896
        T175,        T175,Justin Rose,38,362,the Memorial,1,13,023
        T183,        T183,Brian Harman,78,361,Wyndham,1,18,752
        T183,        T183,Bud Cauley,65,361,Workday,2,18,893
        T183,        T183,Austin Cook,64,361,The Greenbrier,3,17,771
        T186,        T186,Rafael Campo,29,360,The Greenbrier,2,6,771
        T186,        T186,Troy Merritt,72,360,Wyndham,1,18,752
        T186,        T186,Mark Anderson,51,360,The Greenbrier,4,6,771
        T186,        T186,Zack Sucher,38,360,The Greenbrier,3,16,771
        T186,        T186,Lucas Bjerregaard,23,360,Shriner,2,13,538
        T186,        T186,Tom Hoge,74,360,Traveler,4,12,503
        T186,        T186,Ben Taylor,44,360,Wyndham,1,18,752
        T186,        T186,Hank Lebioda,57,360,The Greenbrier,2,6,771
        T186,        T186,Tony Romo,2,360,Safeway Open,2,4,552
        T186,        T186,Shintaro Ban,2,360,The Greenbrier,2,6,771
        T186,        T186,John Senden,33,360,Pebble Beach,3,9,005
        T197,        T197,Cameron Percy,49,359,Bermuda,3,2,765
        T197,        T197,Russell Henley,67,359,BMW Champ,1,10,896
        T197,        T197,Zac Blair,70,359,Pebble Beach,4,9,005
        T197,        T197,Aaron Wise,49,359,Genesi,2,18,500
        T197,        T197,Doc Redman,82,359,the Memorial,1,17,023
        T197,        T197,Isaiah Salinda,16,359,Pebble Beach,1,10,769
        T197,        T197,Andy Ogletree,6,359,the Memorial,1,17,023
        T197,        T197,Boo Weekley,14,359,The Greenbrier,2,6,771
        T197,        T197,Martin Laird,39,359,The Greenbrier,2,12,771
        T197,        T197,Brendon Todd,86,359,Sentry,1,1,656
        T207,        T207,Alex Noren,60,358,Arnold Palmer,2,15,009
        T207,        T207,"Ted Potter, Jr.",46,358,3M Open,2,15,883
        T207,        T207,Kyle Stanley,57,358,Wyndham,1,18,752
        T207,        T207,Xinjun Zhang,77,358,the Memorial,3,17,023
        T207,        T207,Tomoyo Ikemura,2,358,Sony Open,1,16,006
        T207,        T207,Jazz Janewattananond,30,358,WGC-Mexico,2,14,240
        T207,        T207,Adam Schenk,78,358,Shriner,1,9,538
        T207,        T207,Angus Flanagan,2,358,3M Open,2,2,883
        T207,        T207,Jack Trent,4,358,Shriner,3,2,538
        T216,        T216,Vince Covello,22,357,The Greenbrier,4,12,771
        T216,        T216,Robert Streb,54,357,Wyndham,1,18,752
        T216,        T216,Michael Kim,26,357,The Greenbrier,2,6,771
        T216,        T216,Patrick Fishburn,4,357,Bermuda,1,12,765
        T216,        T216,Nick Taylor,59,357,BMW Champ,1,10,896
        T221,        T221,Brandt Snedeker,53,356,Sony Open,2,12,006
        T221,        T221,Scott Stalling,71,356,Shriner,3,9,538
        T221,        T221,James Hahn,36,356,Traveler,1,12,503
        T221,        T221,Derek Ernst,16,356,Bermuda,1,2,765
        T221,        T221,Hiram Silfa,2,356,Puerto Rico,1,2,742
        T221,        T221,Smylie Kaufman,11,356,Pebble Beach,2,10,769
        T221,        T221,Jeremy Gandon,4,356,Houston Open,2,1,729
        T221,        T221,Michael Gellerman,46,356,The Greenbrier,1,12,771
        T221,        T221,Padraig Harrington,7,356,Pebble Beach,1,10,769
        T230,        T230,Andrew Novak,6,355,The Greenbrier,4,6,771
        T230,        T230,George McNeill,32,355,Safeway Open,2,1,552
        T232,        T232,Pablo Larrazabal,4,354,WGC-Mexico,4,11,240
        T232,        T232,Tommy Gainey,14,354,Houston Open,1,18,729
        T232,        T232,William McGirt,4,354,the Memorial,1,17,023
        T232,        T232,J.J. Spaun,62,354,The Greenbrier,4,6,771
        T236,        T236,Carl Pettersson,6,353,the Memorial,4,17,023
        T236,        T236,Nick Watney,46,353,Safeway Open,2,1,552
        T236,        T236,Daniel Chopra,16,353,3M Open,1,18,883
        T236,        T236,Rod Pampling,11,353,Bermuda,3,2,765
        T240,        T240,Alex Cejka,31,352,The Greenbrier,1,17,771
        T240,        T240,Zach Johnson,61,352,the Memorial,4,2,023
        T240,        T240,Rafa Cabrera Bello,53,352,WGC-Mexico,3,14,240
        T240,        T240,Shawn Stefani,32,352,The Greenbrier,2,1,771
        T240,        T240,Daniel Augustus IV,2,352,Bermuda,2,2,765
        T240,        T240,Doug Ghim,44,352,The Greenbrier,3,6,771
        T240,        T240,Akshay Bhatia,13,352,Shriner,2,2,538
        T247,        T247,Andrew Landry,63,351,BMW Champ,1,1,896
        T247,        T247,Alex Smalley,2,351,Phoenix Open,2,17,510
        T247,        T247,Sahith Theegala,10,351,3M Open,2,15,883
        T247,        T247,Davey Jude,2,351,The Greenbrier,2,7,771
        T247,        T247,Brandon Wu,18,351,Workday,1,2,893
        T247,        T247,Mason William,2,351,The Greenbrier,1,6,771
        T247,        T247,Chris Stroud,48,351,Rocket Mortgage,2,10,876
        T247,        T247,Matt Every,47,351,The Greenbrier,2,12,771
        T255,        T255,Bill Haa,46,350,Shriner,1,9,538
        T255,        T255,Taylor Funk,2,350,Bermuda,2,2,765
        T255,        T255,Arjun Atwal,35,350,The Greenbrier,1,12,771
        T255,        T255,Freddie Jacobson,10,350,The Greenbrier,1,6,771
        T255,        T255,John Rollin,12,350,Bermuda,1,12,765
        T260,        T260,Charley Hoffman,63,349,Safeway Open,1,1,552
        T260,        T260,Ernie El,6,349,the Memorial,1,17,023
        T260,        T260,K.H. Lee,76,349,Arnold Palmer,2,16,009
        T260,        T260,Jake Shuman,2,349,Wyndham,1,5,752
        T260,        T260,Brian Stuard,83,349,Sanderson Farm,2,18,746
        T265,        T265,John Merrick,18,348,Sanderson Farm,1,18,746
        T265,        T265,Fabián Gómez,59,348,Bermuda,1,12,765
        T265,        T265,Seung-Yul Noh,20,348,Workday,1,1,893
        T265,        T265,David Lingmerth,25,348,Bermuda,1,12,765
        T265,        T265,Nelson Ledesma,42,348,Safeway Open,1,5,552
        T265,        T265,Aaron Baddeley,49,348,Safeway Open,2,3,552
        T271,        T271,Davis Love III,24,347,Workday,2,13,893
        T271,        T271,Parker McLachlin,16,347,3M Open,1,15,883
        T271,        T271,Emiliano Grillo,69,347,Puerto Rico,3,2,742
        T274,        T274,Andres Gonzale,2,346,Safeway Open,2,1,552
        T274,        T274,Morgan Hoffmann,10,346,Safeway Open,2,1,552
        T274,        T274,Roberto Díaz,6,346,Bermuda,1,12,765
        T274,        T274,Davis Thompson,6,346,The RSM Classic,3,14,776
        T274,        T274,John Daly,4,346,The Greenbrier,2,12,771
        T279,        T279,Peter Malnati,61,345,Safeway Open,1,16,552
        T279,        T279,John Oda,8,345,Shriner,4,2,538
        T279,        T279,Chase Koepka,14,345,3M Open,1,18,883
        T279,        T279,Robert Garrigu,25,345,Bermuda,1,2,765
        T279,        T279,Pat Perez,59,345,Shriner,3,9,538
        T279,        T279,Tim Wilkinson,50,345,Pebble Beach,4,9,005
        T279,        T279,Sangmoon Bae,24,345,The Greenbrier,2,6,771
        T279,        T279,Sam Saunder,14,345,Arnold Palmer,4,16,009
        T287,        T287,Chris Baker,53,344,Pebble Beach,4,10,005
        T287,        T287,John Huh,26,344,Phoenix Open,2,15,510
        T287,        T287,Charlie Reiter,3,344,The Amex,1,13,202
        T287,        T287,Dylan Wu,2,344,Shriner,2,13,538
        T287,        T287,Tim Herron,15,344,3M Open,2,12,883
        T292,        T292,Greg Chalmer,22,343,Wyndham,1,18,752
        T292,        T292,Charlie Beljan,5,343,Bermuda,1,12,765
        T292,        T292,Conrad Shindler,2,343,The Greenbrier,2,13,771
        T292,        T292,Trey Mullinax,6,343,Phoenix Open,2,18,510
        T292,        T292,Rikuya Hoshino,8,343,Sony Open,3,18,006
        T292,        T292,David Pastore,2,343,Traveler,1,7,503
        T292,        T292,Patrick Martin,5,343,Farmer,2,18,104
        T292,        T292,Ian Poulter,48,343,the Memorial,1,1,023
        T300,        T300,Luke Donald,34,342,Rocket Mortgage,1,17,876
        T300,        T300,Roberto Castro,31,342,The Greenbrier,4,12,771
        T300,        T300,Wesley Bryan,16,342,Wyndham,1,18,752
        T300,        T300,Alex Beach,8,342,Sony Open,2,16,006
        T304,        T304,Kazuki Higa,2,341,Sony Open,1,5,006
        T304,        T304,D.A. Point,13,341,Pebble Beach,3,9,005
        T304,        T304,Marty Jertson,4,341,Phoenix Open,1,15,510
        T304,        T304,Vaughn Taylor,61,341,the Memorial,1,17,023
        T308,        T308,Jim Furyk,39,340,Workday,2,17,893
        T308,        T308,Robert Allenby,8,340,Bermuda,2,2,765
        T308,        T308,Ben Martin,38,340,Wyndham,1,18,752
        T308,        T308,Jared Sawada,2,340,Sony Open,1,5,006
        T308,        T308,Henry Chung,4,340,Safeway Open,1,1,552
        T308,        T308,Chip McDaniel,6,340,Bermuda,3,12,765
        T314,        T314,Hayden Buckley,4,339,Honda Classic,2,3,734
        T314,        T314,Chan Kim,10,339,PGA Champ,1,4,895
        T314,        T314,K.J. Choi,25,339,Pebble Beach,2,9,005
        T314,        T314,Steve Stricker,32,339,the Memorial,1,2,023
        T318,        T318,Satoshi Kodaira,31,338,Pebble Beach,2,9,005
        T318,        T318,Rico Hoey,2,338,Sony Open,2,18,006
        T318,        T318,Patrick Flavin,2,338,Phoenix Open,2,2,510
        T318,        T318,Jake Kneen,2,338,3M Open,2,12,883
        T318,        T318,Eric Axley,4,338,Bermuda,1,12,765
        T318,        T318,Johnson Wagner,27,338,Pebble Beach,1,10,769
        T324,        T324,Cole Miller,2,337,The RSM Classic,2,4,889
        T324,        T324,Carl Yuan,6,337,WGC-HSBC Champ,1,14,766
        T324,        T324,J.J. Henry,23,337,Bermuda,1,12,765
        T324,        T324,Vijay Singh,18,337,Sony Open,1,16,006
        T328,        T328,Zecheng Dou,4,336,WGC-HSBC Champ,3,18,766
        T328,        T328,Kevin Yu,2,336,Arnold Palmer,1,18,009
        T328,        T328,Sebastian Soderberg,4,336,WGC-FedEx,1,9,513
        T328,        T328,Braden Thornberry,2,336,Sanderson Farm,1,5,746
        T328,        T328,Chandler Phillip,10,336,Houston Open,3,2,729
        T328,        T328,Daniel Wetterich,2,336,Honda Classic,2,9,734
        T328,        T328,Ben Crane,17,336,The Greenbrier,2,6,771
        T328,        T328,Kevin Stadler,22,336,Pebble Beach,1,10,769
        T328,        T328,Camilo Villega,2,336,Honda Classic,2,12,734
        337,        337,Sean Yu,2,335,Genesi,1,1,500
        T338,        T338,Byron Meth,2,334,Safeway Open,1,3,552
        T338,        T338,Davis Riley,8,334,Sanderson Farm,3,9,746
        T338,        T338,Braden Bailey,4,334,Houston Open,1,8,729
        T338,        T338,Donnie Trosper,4,334,Rocket Mortgage,2,10,876
        T338,        T338,Sean O'Hair,6,334,Pebble Beach,2,10,769
        T343,        T343,Andrew Putnam,46,333,Workday,1,13,893
        T343,        T343,Bobby Bai,4,333,WGC-HSBC Champ,4,14,766
        T343,        T343,Ricky Barne,34,333,Rocket Mortgage,1,14,876
        T343,        T343,Michael Sim,2,333,Bermuda,2,2,765
        T343,        T343,David Hearn,55,333,Pebble Beach,3,9,005
        T343,        T343,Kiradech Aphibarnrat,19,333,Phoenix Open,2,5,510
        T343,        T343,Paul Waring,4,333,WGC-HSBC Champ,3,18,766
        T343,        T343,Brett Quigley,2,333,Bermuda,1,12,765
        T351,        T351,Mikumu Horikawa,12,332,Sony Open,1,8,006
        T351,        T351,Chad Campbell,21,332,Bermuda,1,12,765
        T353,        T353,Steve Allan,2,331,The Greenbrier,2,16,771
        T353,        T353,Jason Bohn,6,331,Bermuda,1,12,765
        T355,        T355,Franklin Corpening,2,330,Charles Schwab,1,12,021
        T355,        T355,Shawn Warren,2,330,PGA Champ,2,6,895
        T355,        T355,Andy Zhang,4,330,Houston Open,4,18,729
        T355,        T355,Logan McCracken,2,330,Houston Open,1,13,729
        T355,        T355,Tyler Ota,2,330,Sony Open,1,8,006
        T355,        T355,Billy Hurley III,4,330,Sanderson Farm,2,17,746
        T361,        T361,Whee Kim,6,329,The Greenbrier,1,6,771
        T361,        T361,Cole Hammer,4,329,Houston Open,1,6,729
        T363,        T363,Michael Hopper,2,328,Shriner,2,4,538
        T363,        T363,Andrew McCain,2,328,Honda Classic,1,12,734
        T363,        T363,Rich Beem,8,328,Houston Open,2,15,729
        T363,        T363,Garrett Osborn,4,328,Sanderson Farm,1,16,746
        T363,        T363,Frank Lickliter II,2,328,Bermuda,2,2,765
        T368,        T368,Ryuko Tokimatsu,2,327,Sony Open,2,16,006
        T368,        T368,Alvaro Ortiz,4,327,Mayakoba,2,13,733
        T368,        T368,Justin Bertsch,6,327,PGA Champ,1,18,895
        T368,        T368,Spencer Ralston,2,327,RBC Heritage,1,3,012
        T368,        T368,Ted Purdy,10,327,Bermuda,1,12,765
        T368,        T368,Brendon de Jonge,14,327,Sanderson Farm,2,18,746
        T368,        T368,Rod Perry,6,327,Arnold Palmer,3,16,009
        T368,        T368,Ryan Blaum,10,327,The Greenbrier,1,6,771
        T376,        T376,Justin Suh,13,326,Sanderson Farm,1,5,746
        T376,        T376,Joost Luiten,8,326,WGC-HSBC Champ,3,18,766
        T376,        T376,Andrea Pavan,6,326,WGC-HSBC Champ,3,18,766
        T376,        T376,Tom Lehman,4,326,3M Open,2,12,883
        T380,        T380,Ollie Schniederjan,2,325,Bermuda,1,12,765
        T380,        T380,George Cunningham,2,325,Houston Open,1,6,729
        T380,        T380,Richard Sterne,4,325,WGC-HSBC Champ,3,18,766
        T380,        T380,Greg Sonnier,2,325,Sanderson Farm,2,17,746
        T384,        T384,"Rich Berberian, Jr.",2,324,PGA Champ,1,18,895
        T384,        T384,Fred Couple,2,324,Safeway Open,1,5,552
        T384,        T384,"David Berganio, Jr.",4,324,Wyndham,1,2,752
        T387,        T387,Joohyung Kim,2,323,PGA Champ,1,18,895
        T387,        T387,Jerry Kelly,8,323,Workday,3,18,893
        T387,        T387,Dawie van der Walt,2,323,Houston Open,2,15,729
        390,        390,Jake McLeod,4,322,WGC-HSBC Champ,2,18,766
        T391,        T391,Eric Duga,2,321,Sony Open,1,8,006
        T391,        T391,Andres Romero,2,321,Puerto Rico,2,2,742
        T391,        T391,Scott McCarron,2,321,Charles Schwab,1,14,021
        T394,        T394,Kyongjun Moon,6,320,Genesi,2,3,500
        T394,        T394,Aaron Crawford,2,320,3M Open,1,1,883
        T394,        T394,Mike Weir,2,320,Bermuda,1,12,765
        T394,        T394,Bob Soward,2,320,PGA Champ,1,4,895
        T394,        T394,Daniel Summerhay,2,320,The Greenbrier,1,6,771
        T399,        T399,Ben Cook,2,319,PGA Champ,1,4,895
        T399,        T399,Harry Hall,2,319,Farmer,1,9,004
        T399,        T399,Jason Caron,2,319,PGA Champ,1,4,895
        T399,        T399,Toru Nakajima,2,319,Sony Open,2,1,006
        T403,        T403,Daniel Balin,2,318,PGA Champ,2,10,895
        T403,        T403,Joe Boro,2,318,The Greenbrier,2,17,771
        T403,        T403,Matt Atkin,2,318,The RSM Classic,2,10,776
        406,        406,Henrik Stenson,14,317,Arnold Palmer,2,16,009
        T407,        T407,Michael Perra,2,316,Houston Open,2,2,729
        T407,        T407,Eugenio Lopez-Chacarra,2,316,Mayakoba,1,13,733
        T407,        T407,Carlos Franco,6,316,Bermuda,1,12,765
        T407,        T407,WC Liang,4,316,WGC-HSBC Champ,1,18,766
        T411,        T411,Stephan Jaeger,2,315,Sanderson Farm,1,16,746
        T411,        T411,David Muttitt,2,315,PGA Champ,2,18,895
        T411,        T411,Mike Auterson,2,315,PGA Champ,2,18,895
        T411,        T411,Ryan Vermeer,2,315,PGA Champ,2,14,895
        T411,        T411,Julián Etulain,4,315,Puerto Rico,3,2,742
        T411,        T411,John O'Leary,2,315,PGA Champ,2,14,895
        T417,        T417,Mark Wilson,5,314,Bermuda,2,2,765
        T417,        T417,Heath Slocum,2,314,Bermuda,2,2,765
        T419,        T419,Jimmy Stanger,2,313,Mayakoba,2,13,733
        T419,        T419,Jacob Bergeron,2,313,Farmer,1,18,104
        T419,        T419,Will MacKenzie,2,313,Bermuda,1,2,765
        T419,        T419,Martin Kaymer,4,313,PGA Champ,1,4,895
        T419,        T419,Stuart Smith,2,313,Safeway Open,2,3,552
        T419,        T419,Kyle Reifer,4,313,The RSM Classic,3,11,776
        T425,        T425,Brinson Paolini,4,312,Wyndham,1,5,752
        T425,        T425,Justin Doeden,2,312,Puerto Rico,1,2,742
        T425,        T425,Jonathan Kaye,4,312,Bermuda,1,2,765
        T428,        T428,Masahiro Kawamura,4,311,WGC-HSBC Champ,3,18,766
        T428,        T428,Andrew Loupe,2,311,Puerto Rico,2,2,742
        T428,        T428,Sebastián Vázquez,2,311,Mayakoba,2,13,733
        T428,        T428,Gary Nicklau,2,311,Bermuda,1,2,765
        T428,        T428,Ken Tanigawa,2,311,PGA Champ,1,4,895
        T428,        T428,Rob Labritz,2,311,PGA Champ,1,4,895
        T428,        T428,Neil Schietekat,4,311,WGC-HSBC Champ,2,18,766
        T435,        T435,Dru Love,2,310,The RSM Classic,1,5,776
        T435,        T435,Alex Knoll,2,310,PGA Champ,2,18,895
        T437,        T437,"Efren Serna, Jr.",2,309,Mayakoba,2,13,733
        T437,        T437,Scott de Borba,3,309,Pebble Beach,1,3,005
        T439,        T439,Domenico Geminiani,2,308,Puerto Rico,2,2,742
        T439,        T439,Romain Langasque,4,308,WGC-HSBC Champ,4,14,766
        T439,        T439,Colt Knost,6,308,Safeway Open,1,1,552
        T439,        T439,Yosuke Asaji,8,308,WGC-HSBC Champ,4,14,766
        T439,        T439,Daniel Nisbet,4,308,WGC-HSBC Champ,4,14,766
        T439,        T439,Spike McRoy,2,308,Bermuda,2,2,765
        445,        445,Calum Hill,4,307,Mayakoba,2,13,733
        T446,        T446,Eddie Olson,2,305,Farmer,2,13,004
        T446,        T446,Adam Svensson,2,305,Sanderson Farm,1,17,746
        T446,        T446,Yi Keun Chang,8,305,WGC-HSBC Champ,3,18,766
        T446,        T446,Chris Couch,4,305,Puerto Rico,3,2,742
        T446,        T446,Jeff Hart,2,305,PGA Champ,1,14,895
        T446,        T446,Cameron Beckman,2,305,Bermuda,1,2,765
        452,        452,Zach Johnson,2,304,PGA Champ,2,18,895
        T453,        T453,Chris Nido,2,303,Puerto Rico,2,2,742
        T453,        T453,Jbe' Kruger,4,303,WGC-HSBC Champ,4,14,766
        T453,        T453,Bernhard Langer,6,303,Charles Schwab,2,12,021
        T453,        T453,Keith Clearwater,2,303,Charles Schwab,1,12,021
        457,        457,Brian Davi,8,302,Bermuda,1,2,765
        T458,        T458,Bryce Easton,4,301,WGC-HSBC Champ,1,14,766
        T458,        T458,Parker Gilliam,2,301,Puerto Rico,2,2,742
        T460,        T460,Ben Silverman,2,300,Mayakoba,2,13,733
        T460,        T460,Greyson Sigg,2,300,The RSM Classic,2,11,776
        T460,        T460,Guy Boro,2,300,Bermuda,1,12,765
        T460,        T460,Judd Gibb,2,300,PGA Champ,2,14,895
        T464,        T464,Jay McLuen,4,298,Puerto Rico,2,2,742
        T464,        T464,Shaun Micheel,4,298,PGA Champ,2,4,895
        T464,        T464,Paul Stankowski,2,298,Bermuda,1,2,765
        T464,        T464,Brian Smock,3,298,The Amex,1,15,704
        T468,        T468,José de Jesús Rodríguez,2,297,Mayakoba,1,13,733
        T468,        T468,KK Limbhasut,2,297,Farmer,2,9,004
        T468,        T468,Michael Block,2,297,Farmer,1,18,104
        471,        471,Ashun Wu,4,294,WGC-HSBC Champ,2,18,766
        T472,        T472,Omar Uresti,8,293,Houston Open,1,17,729
        T472,        T472,Robert Gamez,2,293,Arnold Palmer,1,18,009
        474,        474,Bryson Nimmer,2,292,Puerto Rico,1,2,742
        T475,        T475,Olin Browne,2,287,Charles Schwab,1,5,021
        T475,        T475,David Frost,2,287,Charles Schwab,1,3,021
        477,        477,Tim Weinhart,2,283,The RSM Classic,1,9,776
        T478,        T478,Matthew Millar,4,281,WGC-HSBC Champ,1,14,766
        T478,        T478,Derek Gillespie,2,281,Puerto Rico,1,5,742
        480,        480,Glen Day,2,280,RBC Heritage,1,18,012
        T481,        T481,Edward Figueroa,2,275,Puerto Rico,2,2,742
        T481,        T481,David Duval,1,275,Pebble Beach,1,10,005
        T481,        T481,Jeff Roth,2,275,PGA Champ,2,4,895
        484,        484,Fred Funk,2,253,Bermuda,2,2,765
        485,        485,Dwayne Pearman,2,243,Bermuda,2,12,765
